{
   "ControlQC": [
      {
         "Hap.py_results": [
            {
               "FP.al": 35,
               "FP.gt": 14,
               "Filter": "ALL",
               "METRIC.F1_Score": 0.9528639999999999,
               "METRIC.Frac_NA": 0.368825,
               "METRIC.Precision": 0.9518840000000001,
               "METRIC.Recall": 0.9538459999999999,
               "QUERY.FP": 83,
               "QUERY.TOTAL": 2733,
               "QUERY.TOTAL.TiTv_ratio": 0.0,
               "QUERY.TOTAL.het_hom_ratio": 1.882921589688507,
               "QUERY.UNK": 1008,
               "TRUTH.FN": 78,
               "TRUTH.TOTAL": 1690,
               "TRUTH.TOTAL.TiTv_ratio": 0.0,
               "TRUTH.TOTAL.het_hom_ratio": 1.6137820512820513,
               "TRUTH.TP": 1612,
               "Type": "INDEL"
            },
            {
               "FP.al": 35,
               "FP.gt": 13,
               "Filter": "PASS",
               "METRIC.F1_Score": 0.95381,
               "METRIC.Frac_NA": 0.36180500000000004,
               "METRIC.Precision": 0.95675,
               "METRIC.Recall": 0.950888,
               "QUERY.FP": 74,
               "QUERY.TOTAL": 2681,
               "QUERY.TOTAL.TiTv_ratio": 0.0,
               "QUERY.TOTAL.het_hom_ratio": 1.8423326133909288,
               "QUERY.UNK": 970,
               "TRUTH.FN": 83,
               "TRUTH.TOTAL": 1690,
               "TRUTH.TOTAL.TiTv_ratio": 0.0,
               "TRUTH.TOTAL.het_hom_ratio": 1.6137820512820513,
               "TRUTH.TP": 1607,
               "Type": "INDEL"
            },
            {
               "FP.al": 1,
               "FP.gt": 99,
               "Filter": "ALL",
               "METRIC.F1_Score": 0.989856,
               "METRIC.Frac_NA": 0.157331,
               "METRIC.Precision": 0.9927530000000001,
               "METRIC.Recall": 0.9869760000000001,
               "QUERY.FP": 208,
               "QUERY.TOTAL": 34062,
               "QUERY.TOTAL.TiTv_ratio": 2.6347733333333334,
               "QUERY.TOTAL.het_hom_ratio": 1.5824609315733575,
               "QUERY.UNK": 5359,
               "TRUTH.FN": 376,
               "TRUTH.TOTAL": 28870,
               "TRUTH.TOTAL.TiTv_ratio": 2.788769351876148,
               "TRUTH.TOTAL.het_hom_ratio": 1.6052180193193102,
               "TRUTH.TP": 28494,
               "Type": "SNP"
            },
            {
               "FP.al": 1,
               "FP.gt": 89,
               "Filter": "PASS",
               "METRIC.F1_Score": 0.9903299999999999,
               "METRIC.Frac_NA": 0.151767,
               "METRIC.Precision": 0.9945510000000001,
               "METRIC.Recall": 0.986145,
               "QUERY.FP": 156,
               "QUERY.TOTAL": 33749,
               "QUERY.TOTAL.TiTv_ratio": 2.6496594962706737,
               "QUERY.TOTAL.het_hom_ratio": 1.5806426931905126,
               "QUERY.UNK": 5122,
               "TRUTH.FN": 400,
               "TRUTH.TOTAL": 28870,
               "TRUTH.TOTAL.TiTv_ratio": 2.788769351876148,
               "TRUTH.TOTAL.het_hom_ratio": 1.6052180193193102,
               "TRUTH.TP": 28470,
               "Type": "SNP"
            }
         ],
         "Picard_GenotypeConcordance": [
            {
               "CALL_SAMPLE": 19366,
               "GENOTYPE_CONCORDANCE": 0.994989,
               "HET_PPV": 0.844913,
               "HET_SENSITIVITY": 0.987164,
               "HET_SPECIFICITY": "?",
               "HOMVAR_PPV": 0.839821,
               "HOMVAR_SENSITIVITY": 0.987806,
               "HOMVAR_SPECIFICITY": "?",
               "NON_REF_GENOTYPE_CONCORDANCE": 0.994989,
               "TRUTH_SAMPLE": "HG001",
               "VARIANT_TYPE": "SNP",
               "VAR_PPV": 0.842932,
               "VAR_SENSITIVITY": 0.98741,
               "VAR_SPECIFICITY": 0.796974
            },
            {
               "CALL_SAMPLE": 19366,
               "GENOTYPE_CONCORDANCE": 0.969933,
               "HET_PPV": 0.635321,
               "HET_SENSITIVITY": 0.938514,
               "HET_SPECIFICITY": "?",
               "HOMVAR_PPV": 0.700207,
               "HOMVAR_SENSITIVITY": 0.944751,
               "HOMVAR_SPECIFICITY": "?",
               "NON_REF_GENOTYPE_CONCORDANCE": 0.969933,
               "TRUTH_SAMPLE": "HG001",
               "VARIANT_TYPE": "INDEL",
               "VAR_PPV": 0.658419,
               "VAR_SENSITIVITY": 0.940897,
               "VAR_SPECIFICITY": 0.637965
            }
         ],
         "control": "NA12878"
      }
   ],
   "SamplesQC": [
      {
         "DRAGEN_capture_coverage_metrics": {
            "Aligned bases": 6708155805,
            "Aligned bases in QC coverage region": 4516333106,
            "Aligned reads": 67606521,
            "Aligned reads in QC coverage region": 55794864,
            "Average alignment coverage over QC coverage region": 102.83,
            "Average autosomal coverage over QC coverage region": 104.19,
            "Average chr X coverage over QC coverage region": 71.51,
            "Average chr Y coverage over QC coverage region": 43.3,
            "Average mitochondrial coverage over QC coverage region": 0.0,
            "Mean/Median autosomal coverage ratio over QC coverage region": 0.99,
            "Median autosomal coverage over QC coverage region": 105.0,
            "PCT of QC coverage region with coverage [   0x:   1x)": 1.64,
            "PCT of QC coverage region with coverage [   0x: inf)": 100.0,
            "PCT of QC coverage region with coverage [   1x:   3x)": 0.27,
            "PCT of QC coverage region with coverage [   1x: inf)": 98.36,
            "PCT of QC coverage region with coverage [   3x:  10x)": 0.37,
            "PCT of QC coverage region with coverage [   3x: inf)": 98.09,
            "PCT of QC coverage region with coverage [  10x:  15x)": 0.19,
            "PCT of QC coverage region with coverage [  10x: inf)": 97.73,
            "PCT of QC coverage region with coverage [  15x:  20x)": 0.2,
            "PCT of QC coverage region with coverage [  15x: inf)": 97.54,
            "PCT of QC coverage region with coverage [  20x:  50x)": 4.27,
            "PCT of QC coverage region with coverage [  20x: inf)": 97.34,
            "PCT of QC coverage region with coverage [  50x: 100x)": 40.97,
            "PCT of QC coverage region with coverage [  50x: inf)": 93.06,
            "PCT of QC coverage region with coverage [ 100x: 500x)": 52.08,
            "PCT of QC coverage region with coverage [ 100x: inf)": 52.09,
            "PCT of QC coverage region with coverage [ 500x: inf)": 0.01,
            "PCT of QC coverage region with coverage [ 500x:1000x)": 0.01,
            "PCT of QC coverage region with coverage [1000x: inf)": 0.0,
            "PCT of QC coverage region with coverage [1000x:1500x)": 0.0,
            "PCT of QC coverage region with coverage [1500x: inf)": 0.0,
            "Uniformity of coverage (PCT > 0.2*mean) over QC coverage region": 97.29,
            "Uniformity of coverage (PCT > 0.4*mean) over QC coverage region": 95.21
         },
         "DRAGEN_gvcf_metrics": {
            "(Chr X SNPs)/(chr Y SNPs) ratio over genome": 9.41,
            "Biallelic": 156059,
            "Chr X number of SNPs over genome": 1985,
            "Chr Y number of SNPs over genome": 211,
            "Deletions (Het)": 5972,
            "Deletions (Hom)": 4322,
            "Het/Hom ratio": 1.26,
            "Heterozygous": 88634,
            "Homozygous": 70339,
            "In dbSNP": 157073,
            "Indels (Het)": 298,
            "Insertions (Het)": 5151,
            "Insertions (Hom)": 4374,
            "Multiallelic": 5201,
            "Not in dbSNP": 4197,
            "Percent Autosome Callability": 4.8586,
            "Percent Callability": 4.7421,
            "Percent QC Region Callability in Region 1": 98.0609,
            "Percent QC Region Callability in Region 2": 98.1294,
            "Percent QC Region Callability in Region 3": 95.7838,